customer_id,prob
691088,0.5
840446,0.5
977535,0.5
682463,0.5
422234,0.5
1130870,0.5
750812,0.5
713903,0.5
440525,0.5
195290,0.5
169496,0.5
235048,0.5
417190,0.5
1327003,0.5
743079,0.5
1018706,0.5
1157936,0.5
311056,0.5
797536,0.5
1259984,0.5
885661,0.5
172438,0.5
516508,0.5
199939,0.5
1261600,0.5
418678,0.5
895293,0.5
231381,0.5
1033396,0.5
212944,0.5
887824,0.5
689522,0.5
315761,0.5
757195,0.5
566667,0.5
1017941,0.5
968115,0.5
548550,0.5
376742,0.5
737950,0.5
1042335,0.5
314521,0.5
307046,0.5
1138899,0.5
179665,0.5
432497,0.5
692790,0.5
302055,0.5
1093447,0.5
893858,0.5
945833,0.5
288325,0.5
455389,0.5
1166277,0.5
789094,0.5
1161975,0.5
1071882,0.5
688164,0.5
522115,0.5
1251665,0.5
1276192,0.5
289972,0.5
651232,0.5
916058,0.5
682761,0.5
779982,0.5
269543,0.5
230536,0.5
243365,0.5
423612,0.5
330933,0.5
605002,0.5
353152,0.5
226174,0.5
250570,0.5
1194738,0.5
791727,0.5
1108663,0.5
1212384,0.5
1068860,0.5
244763,0.5
705991,0.5
908809,0.5
662421,0.5
1295066,0.5
839356,0.5
771576,0.5
647789,0.5
1143301,0.5
334987,0.5
998653,0.5
461289,0.5
825171,0.5
1293776,0.5
370966,0.5
397302,0.5
1001916,0.5
851789,0.5
295232,0.5
1145529,0.5
1080402,0.5
494169,0.5
1175562,0.5
403580,0.5
635342,0.5
251086,0.5
721465,0.5
729317,0.5
445670,0.5
560336,0.5
211397,0.5
893847,0.5
297120,0.5
319363,0.5
271189,0.5
264813,0.5
534200,0.5
271007,0.5
1077309,0.5
328905,0.5
349516,0.5
454252,0.5
659254,0.5
625016,0.5
677430,0.5
949107,0.5
568459,0.5
612280,0.5
1257183,0.5
464829,0.5
1244233,0.5
313047,0.5
822429,0.5
812700,0.5
339040,0.5
1154062,0.5
1244373,0.5
232778,0.5
1271794,0.5
203633,0.5
535561,0.5
1018739,0.5
252303,0.5
543438,0.5
330349,0.5
507777,0.5
637815,0.5
1157650,0.5
252903,0.5
417652,0.5
459997,0.5
382071,0.5
383745,0.5
826923,0.5
515694,0.5
330865,0.5
203623,0.5
281459,0.5
513512,0.5
601576,0.5
916297,0.5
658122,0.5
678058,0.5
210537,0.5
843764,0.5
291219,0.5
922634,0.5
368454,0.5
725451,0.5
531560,0.5
1009822,0.5
946792,0.5
1119245,0.5
853286,0.5
560175,0.5
324841,0.5
216326,0.5
914931,0.5
731781,0.5
210311,0.5
1004542,0.5
1051076,0.5
829413,0.5
244202,0.5
1286821,0.5
436250,0.5
313409,0.5
1239993,0.5
367239,0.5
1270623,0.5
901973,0.5
986468,0.5
1089397,0.5
1276790,0.5
662599,0.5
259013,0.5
1145287,0.5
1303686,0.5
1084261,0.5
909245,0.5
862957,0.5
536498,0.5
291493,0.5
824496,0.5
430595,0.5
900524,0.5
593145,0.5
871010,0.5
1017974,0.5
263617,0.5
902529,0.5
546661,0.5
712180,0.5
534356,0.5
941841,0.5
1196221,0.5
200814,0.5
1111668,0.5
439643,0.5
589840,0.5
278775,0.5
1010584,0.5
608772,0.5
311905,0.5
1251491,0.5
790565,0.5
309269,0.5
200952,0.5
212004,0.5
751962,0.5
1250762,0.5
1110314,0.5
951756,0.5
968451,0.5
878342,0.5
426217,0.5
865787,0.5
564831,0.5
285930,0.5
657189,0.5
309140,0.5
1030275,0.5
286735,0.5
234214,0.5
289780,0.5
1147071,0.5
1311965,0.5
1175859,0.5
668286,0.5
1052994,0.5
1255908,0.5
1255385,0.5
466634,0.5
1207244,0.5
1166541,0.5
209045,0.5
1011229,0.5
372431,0.5
202951,0.5
1294738,0.5
1061785,0.5
581407,0.5
1329788,0.5
745514,0.5
1076925,0.5
256895,0.5
168408,0.5
306612,0.5
323085,0.5
318443,0.5
465342,0.5
1277138,0.5
1208665,0.5
1265852,0.5
871722,0.5
364296,0.5
808973,0.5
329631,0.5
438391,0.5
661797,0.5
303205,0.5
182401,0.5
529793,0.5
249266,0.5
458822,0.5
838700,0.5
1122997,0.5
178114,0.5
330026,0.5
768692,0.5
1166775,0.5
206331,0.5
269858,0.5
379210,0.5
925720,0.5
889108,0.5
1203729,0.5
459688,0.5
581286,0.5
715651,0.5
254815,0.5
423236,0.5
205014,0.5
1008572,0.5
222069,0.5
1007624,0.5
605024,0.5
1142278,0.5
172645,0.5
913687,0.5
533758,0.5
803164,0.5
662157,0.5
237868,0.5
1156441,0.5
1314337,0.5
665634,0.5
327101,0.5
521877,0.5
538104,0.5
179560,0.5
1161141,0.5
1013233,0.5
687810,0.5
661828,0.5
948152,0.5
191110,0.5
1026938,0.5
874788,0.5
526178,0.5
1326340,0.5
1132855,0.5
1290510,0.5
509402,0.5
238036,0.5
266141,0.5
279842,0.5
852859,0.5
1262240,0.5
1049929,0.5
1222686,0.5
295701,0.5
403944,0.5
384446,0.5
983365,0.5
565453,0.5
675050,0.5
334529,0.5
1284844,0.5
324471,0.5
643722,0.5
320798,0.5
1308299,0.5
545102,0.5
987477,0.5
178742,0.5
615897,0.5
771245,0.5
687414,0.5
588131,0.5
307922,0.5
266286,0.5
791654,0.5
750482,0.5
817051,0.5
303943,0.5
874138,0.5
357300,0.5
220636,0.5
420684,0.5
533078,0.5
1024775,0.5
318372,0.5
869356,0.5
493187,0.5
1027571,0.5
519680,0.5
502450,0.5
1183646,0.5
395459,0.5
194960,0.5
647989,0.5
1215415,0.5
220757,0.5
916261,0.5
1067593,0.5
859915,0.5
438192,0.5
1253817,0.5
435387,0.5
1097905,0.5
1199885,0.5
1179235,0.5
1202672,0.5
1058083,0.5
270601,0.5
569896,0.5
304880,0.5
168325,0.5
578755,0.5
509824,0.5
679837,0.5
345057,0.5
183998,0.5
625678,0.5
301650,0.5
449422,0.5
860330,0.5
651207,0.5
425804,0.5
370775,0.5
866635,0.5
1189840,0.5
859287,0.5
1285332,0.5
1288109,0.5
439873,0.5
641933,0.5
1155102,0.5
218666,0.5
1159107,0.5
1286670,0.5
484228,0.5
963508,0.5
231345,0.5
493957,0.5
1195307,0.5
1231408,0.5
547298,0.5
706090,0.5
513528,0.5
652083,0.5
176564,0.5
1186243,0.5
1307620,0.5
1149633,0.5
390080,0.5
922016,0.5
985429,0.5
644308,0.5
868840,0.5
993817,0.5
357431,0.5
242970,0.5
756861,0.5
177650,0.5
630879,0.5
289472,0.5
1278043,0.5
225712,0.5
286916,0.5
800830,0.5
593120,0.5
1326394,0.5
1288376,0.5
759582,0.5
919954,0.5
928989,0.5
907085,0.5
597761,0.5
211528,0.5
358185,0.5
1025834,0.5
564003,0.5
837207,0.5
305706,0.5
350660,0.5
316512,0.5
816718,0.5
950051,0.5
366681,0.5
749981,0.5
1089194,0.5
648478,0.5
596794,0.5
387169,0.5
1118552,0.5
1320862,0.5
305685,0.5
352840,0.5
865643,0.5
570376,0.5
440023,0.5
400665,0.5
291233,0.5
188673,0.5
1278716,0.5
1049036,0.5
191617,0.5
201831,0.5
842064,0.5
391657,0.5
658187,0.5
577330,0.5
1320081,0.5
206810,0.5
990007,0.5
1171059,0.5
591475,0.5
1255429,0.5
1208977,0.5
840306,0.5
1028288,0.5
203719,0.5
309168,0.5
497848,0.5
416599,0.5
406492,0.5
798293,0.5
337688,0.5
726557,0.5
298993,0.5
650070,0.5
1275034,0.5
390398,0.5
665255,0.5
738626,0.5
552634,0.5
1326013,0.5
178541,0.5
727649,0.5
520685,0.5
803236,0.5
205391,0.5
1158006,0.5
1325217,0.5
903724,0.5
1301217,0.5
621928,0.5
713384,0.5
1036225,0.5
309727,0.5
775641,0.5
200708,0.5
1240910,0.5
836142,0.5
228275,0.5
309142,0.5
260005,0.5
193129,0.5
374381,0.5
658883,0.5
654525,0.5
321503,0.5
812052,0.5
1041620,0.5
353084,0.5
278301,0.5
935354,0.5
681071,0.5
630991,0.5
922599,0.5
577718,0.5
1043606,0.5
172531,0.5
1163674,0.5
292389,0.5
512869,0.5
497057,0.5
788369,0.5
187106,0.5
416145,0.5
1319241,0.5
278464,0.5
410737,0.5
1297080,0.5
595714,0.5
895248,0.5
1173363,0.5
260649,0.5
245707,0.5
318811,0.5
263022,0.5
261112,0.5
559948,0.5
238596,0.5
400755,0.5
184769,0.5
1286099,0.5
475703,0.5
269135,0.5
791429,0.5
596587,0.5
304456,0.5
729683,0.5
934629,0.5
742665,0.5
269439,0.5
205724,0.5
182891,0.5
284522,0.5
575045,0.5
925595,0.5
713061,0.5
219615,0.5
224854,0.5
1114163,0.5
679993,0.5
898520,0.5
248930,0.5
302563,0.5
1025074,0.5
1308197,0.5
803018,0.5
1014373,0.5
586999,0.5
1027373,0.5
1215582,0.5
194819,0.5
217362,0.5
1014490,0.5
827466,0.5
224890,0.5
868675,0.5
269787,0.5
561459,0.5
1015225,0.5
564835,0.5
943251,0.5
199153,0.5
631935,0.5
667866,0.5
264700,0.5
480756,0.5
954069,0.5
1097128,0.5
301513,0.5
463586,0.5
897677,0.5
168286,0.5
220259,0.5
514427,0.5
1239030,0.5
196044,0.5
426169,0.5
1195078,0.5
322723,0.5
1272018,0.5
666058,0.5
1184202,0.5
776703,0.5
352138,0.5
1233995,0.5
836146,0.5
609141,0.5
430165,0.5
1306264,0.5
543765,0.5
300713,0.5
281451,0.5
261602,0.5
435256,0.5
652543,0.5
361736,0.5
852475,0.5
1110437,0.5
981403,0.5
1080344,0.5
1201634,0.5
1240561,0.5
1211571,0.5
1059841,0.5
408652,0.5
185238,0.5
600305,0.5
1068288,0.5
757534,0.5
551679,0.5
349017,0.5
1366311,0.5
900457,0.5
203799,0.5
988079,0.5
464442,0.5
677982,0.5
768194,0.5
547554,0.5
1235336,0.5
542702,0.5
315046,0.5
397426,0.5
1307908,0.5
1198128,0.5
191322,0.5
471703,0.5
462358,0.5
712502,0.5
573541,0.5
432833,0.5
364045,0.5
708721,0.5
1171284,0.5
668983,0.5
705391,0.5
339985,0.5
747139,0.5
259505,0.5
482892,0.5
396692,0.5
1132493,0.5
694217,0.5
209285,0.5
259292,0.5
1267000,0.5
1295251,0.5
986880,0.5
208944,0.5
254158,0.5
439362,0.5
924044,0.5
473202,0.5
734700,0.5
383420,0.5
204451,0.5
425085,0.5
913527,0.5
275042,0.5
443756,0.5
321996,0.5
461191,0.5
1306116,0.5
407408,0.5
366832,0.5
384323,0.5
723909,0.5
1280005,0.5
307366,0.5
823118,0.5
1169226,0.5
894991,0.5
220827,0.5
367521,0.5
212504,0.5
690165,0.5
209940,0.5
476777,0.5
775993,0.5
871430,0.5
301023,0.5
775202,0.5
848949,0.5
696820,0.5
1021078,0.5
619357,0.5
303534,0.5
637133,0.5
361556,0.5
1256351,0.5
563236,0.5
353174,0.5
704572,0.5
1329243,0.5
274353,0.5
217503,0.5
225204,0.5
687129,0.5
247206,0.5
638193,0.5
208566,0.5
688932,0.5
337239,0.5
460107,0.5
339043,0.5
722334,0.5
1249812,0.5
1146769,0.5
921394,0.5
739892,0.5
640511,0.5
1084846,0.5
1317552,0.5
256777,0.5
317646,0.5
1199710,0.5
1191617,0.5
866007,0.5
1030793,0.5
719601,0.5
475432,0.5
358880,0.5
277667,0.5
241212,0.5
1032596,0.5
258547,0.5
758874,0.5
384198,0.5
918837,0.5
180155,0.5
554560,0.5
1138106,0.5
1142211,0.5
1272753,0.5
622157,0.5
641578,0.5
608885,0.5
538247,0.5
773145,0.5
726743,0.5
392402,0.5
622148,0.5
733878,0.5
542548,0.5
1146738,0.5
512217,0.5
1262009,0.5
746331,0.5
224369,0.5
698286,0.5
321265,0.5
239093,0.5
211162,0.5
1112851,0.5
568437,0.5
462583,0.5
390979,0.5
243035,0.5
338004,0.5
244073,0.5
290592,0.5
761656,0.5
916223,0.5
797662,0.5
1145755,0.5
1208971,0.5
747342,0.5
378533,0.5
632647,0.5
804480,0.5
545870,0.5
645751,0.5
1055126,0.5
309992,0.5
353378,0.5
251455,0.5
1062947,0.5
1017739,0.5
1259381,0.5
904083,0.5
819004,0.5
744678,0.5
1195700,0.5
763338,0.5
517200,0.5
351794,0.5
1035228,0.5
643175,0.5
743770,0.5
831963,0.5
564295,0.5
988225,0.5
264670,0.5
347070,0.5
610576,0.5
965852,0.5
649589,0.5
261223,0.5
234747,0.5
845428,0.5
446288,0.5
523490,0.5
1151219,0.5
1177273,0.5
210513,0.5
475391,0.5
221666,0.5
1170606,0.5
1089010,0.5
552761,0.5
567637,0.5
359236,0.5
840995,0.5
311584,0.5
839238,0.5
1090525,0.5
225103,0.5
1018306,0.5
192515,0.5
478499,0.5
193916,0.5
722556,0.5
442374,0.5
786309,0.5
230042,0.5
1161771,0.5
903527,0.5
914958,0.5
922103,0.5
244892,0.5
1157507,0.5
410937,0.5
994605,0.5
1093162,0.5
333892,0.5
476929,0.5
412165,0.5
378451,0.5
306525,0.5
941786,0.5
265099,0.5
294471,0.5
1288768,0.5
274551,0.5
396941,0.5
906664,0.5
1039068,0.5
1049567,0.5
772211,0.5
621889,0.5
277009,0.5
406819,0.5
696141,0.5
1077841,0.5
637848,0.5
976597,0.5
536556,0.5
749782,0.5
868126,0.5
310237,0.5
1066391,0.5
1303378,0.5
604337,0.5
1018575,0.5
266189,0.5
1213380,0.5
1274263,0.5
432289,0.5
1198949,0.5
454895,0.5
558451,0.5
1286081,0.5
198521,0.5
616242,0.5
1106828,0.5
217405,0.5
274679,0.5
381400,0.5
1070780,0.5
293039,0.5
783900,0.5
774384,0.5
210027,0.5
568932,0.5
466776,0.5
825026,0.5
321975,0.5
317070,0.5
362802,0.5
1112264,0.5
265337,0.5
434331,0.5
178286,0.5
239654,0.5
275019,0.5
783964,0.5
167939,0.5
762968,0.5
582848,0.5
207980,0.5
176324,0.5
290525,0.5
197267,0.5
468478,0.5
200940,0.5
636383,0.5
455911,0.5
1198280,0.5
846762,0.5
446912,0.5
1006780,0.5
357692,0.5
871226,0.5
974565,0.5
748835,0.5
1273633,0.5
1142864,0.5
1025036,0.5
1276311,0.5
1329502,0.5
513320,0.5
420539,0.5
336998,0.5
772542,0.5
568634,0.5
709456,0.5
1052761,0.5
1146810,0.5
440065,0.5
276548,0.5
238077,0.5
684336,0.5
1071989,0.5
769233,0.5
887414,0.5
389237,0.5
1222044,0.5
1236722,0.5
186488,0.5
606890,0.5
1009007,0.5
358088,0.5
651930,0.5
732262,0.5
1057590,0.5
401574,0.5
1099977,0.5
234224,0.5
233074,0.5
251731,0.5
427035,0.5
1267771,0.5
801361,0.5
443870,0.5
841764,0.5
1070523,0.5
622086,0.5
1288167,0.5
433095,0.5
478211,0.5
538935,0.5
477183,0.5
1285146,0.5
233631,0.5
210151,0.5
357536,0.5
932103,0.5
283958,0.5
732286,0.5
683088,0.5
767446,0.5
405756,0.5
1059164,0.5
737623,0.5
1247927,0.5
410106,0.5
488494,0.5
550803,0.5
1099568,0.5
719109,0.5
435858,0.5
1158326,0.5
481371,0.5
468192,0.5
281355,0.5
1021091,0.5
595854,0.5
475405,0.5
809404,0.5
1107169,0.5
1303029,0.5
230662,0.5
548361,0.5
964171,0.5
392014,0.5
1297089,0.5
1009573,0.5
1239982,0.5
1321961,0.5
1195887,0.5
492984,0.5
949663,0.5
1263475,0.5
1100969,0.5
804015,0.5
482449,0.5
820536,0.5
1183974,0.5
1184137,0.5
956994,0.5
727658,0.5
874584,0.5
206900,0.5
1072122,0.5
341770,0.5
1097964,0.5
597928,0.5
179250,0.5
582610,0.5
1010773,0.5
176102,0.5
176452,0.5
281541,0.5
952283,0.5
642705,0.5
711750,0.5
504578,0.5
555674,0.5
1304692,0.5
581590,0.5
752898,0.5
614933,0.5
515230,0.5
238190,0.5
1008410,0.5
1271907,0.5
192259,0.5
623849,0.5
1283803,0.5
605400,0.5
690350,0.5
319370,0.5
770391,0.5
338579,0.5
983277,0.5
455153,0.5
491703,0.5
299934,0.5
505959,0.5
634090,0.5
868513,0.5
996523,0.5
395835,0.5
610420,0.5
501869,0.5
1200498,0.5
904665,0.5
549614,0.5
213344,0.5
1020748,0.5
936264,0.5
515358,0.5
271556,0.5
426086,0.5
181981,0.5
194666,0.5
312063,0.5
190313,0.5
175028,0.5
809215,0.5
1261415,0.5
285791,0.5
594778,0.5
667142,0.5
244003,0.5
465036,0.5
1088850,0.5
1207061,0.5
1301816,0.5
1164096,0.5
1229554,0.5
976333,0.5
1271827,0.5
292850,0.5
679582,0.5
663475,0.5
1310245,0.5
727129,0.5
1293293,0.5
817191,0.5
826177,0.5
1024548,0.5
1102620,0.5
428197,0.5
751425,0.5
172023,0.5
1313475,0.5
1149434,0.5
1322289,0.5
224188,0.5
262459,0.5
334738,0.5
289684,0.5
392202,0.5
1050480,0.5
185288,0.5
805178,0.5
322324,0.5
1294306,0.5
910016,0.5
1171982,0.5
368232,0.5
770879,0.5
704150,0.5
875975,0.5
837674,0.5
223600,0.5
187254,0.5
451790,0.5
217012,0.5
646682,0.5
1244203,0.5
1157207,0.5
893782,0.5
1320975,0.5
1102657,0.5
1190519,0.5
220915,0.5
926230,0.5
752056,0.5
388566,0.5
219842,0.5
601857,0.5
666326,0.5
1091395,0.5
1201142,0.5
475007,0.5
596957,0.5
799581,0.5
980400,0.5
604108,0.5
1067559,0.5
1161474,0.5
1147941,0.5
895767,0.5
590633,0.5
1322995,0.5
1261001,0.5
1211780,0.5
181017,0.5
800530,0.5
706451,0.5
341337,0.5
310855,0.5
315105,0.5
357483,0.5
378845,0.5
480207,0.5
429532,0.5
1208338,0.5
401477,0.5
769117,0.5
478377,0.5
749376,0.5
196851,0.5
720260,0.5
1127652,0.5
628694,0.5
856854,0.5
537758,0.5
1189389,0.5
527701,0.5
542550,0.5
397645,0.5
731706,0.5
465163,0.5
993505,0.5
1083519,0.5
1282869,0.5
477844,0.5
354796,0.5
1012315,0.5
278601,0.5
922015,0.5
1159602,0.5
644447,0.5
970152,0.5
337155,0.5
646821,0.5
665271,0.5
1105308,0.5
227670,0.5
257651,0.5
356848,0.5
589472,0.5
236142,0.5
647354,0.5
966394,0.5
312867,0.5
346816,0.5
395886,0.5
260572,0.5
855937,0.5
379911,0.5
822444,0.5
1267593,0.5
331195,0.5
777893,0.5
369067,0.5
463105,0.5
388740,0.5
240446,0.5
497635,0.5
1025125,0.5
575325,0.5
565150,0.5
770199,0.5
216589,0.5
666575,0.5
1300697,0.5
774030,0.5
296728,0.5
1292295,0.5
1071577,0.5
1070806,0.5
576158,0.5
1155404,0.5
1183993,0.5
675450,0.5
541820,0.5
1279473,0.5
824511,0.5
324373,0.5
420221,0.5
604019,0.5
625207,0.5
263545,0.5
324835,0.5
689388,0.5
245818,0.5
334841,0.5
450815,0.5
816519,0.5
406282,0.5
547858,0.5
288836,0.5
1297847,0.5
283576,0.5
530752,0.5
1097952,0.5
1131866,0.5
496996,0.5
1283337,0.5
1208552,0.5
1211582,0.5
533941,0.5
859411,0.5
343206,0.5
895094,0.5
488099,0.5
426026,0.5
248605,0.5
444158,0.5
1173871,0.5
1088697,0.5
345878,0.5
900972,0.5
1309535,0.5
213858,0.5
385961,0.5
262777,0.5
718679,0.5
346162,0.5
878379,0.5
541540,0.5
1306590,0.5
1066904,0.5
612787,0.5
1326833,0.5
710015,0.5
601085,0.5
938246,0.5
357163,0.5
197929,0.5
418323,0.5
1115591,0.5
799535,0.5
1153333,0.5
808586,0.5
412207,0.5
849105,0.5
254795,0.5
171656,0.5
1106214,0.5
577641,0.5
336463,0.5
435254,0.5
441116,0.5
286679,0.5
255456,0.5
302232,0.5
221082,0.5
854131,0.5
947714,0.5
1073502,0.5
419788,0.5
1115816,0.5
1120204,0.5
913193,0.5
836637,0.5
1176694,0.5
195187,0.5
680261,0.5
538060,0.5
315456,0.5
346451,0.5
961616,0.5
1137029,0.5
330938,0.5
365179,0.5
230000,0.5
197816,0.5
477549,0.5
957000,0.5
1244653,0.5
552329,0.5
970665,0.5
1013324,0.5
1320683,0.5
858966,0.5
196839,0.5
1129682,0.5
679867,0.5
804559,0.5
932080,0.5
387518,0.5
200079,0.5
221657,0.5
305540,0.5
1185641,0.5
207162,0.5
353534,0.5
490190,0.5
950441,0.5
354982,0.5
606409,0.5
308687,0.5
174861,0.5
782807,0.5
1190207,0.5
432939,0.5
651549,0.5
337000,0.5
1328138,0.5
520165,0.5
863942,0.5
176793,0.5
1173521,0.5
586532,0.5
563617,0.5
1107578,0.5
1325908,0.5
1171752,0.5
1200629,0.5
1237484,0.5
1131560,0.5
1089829,0.5
232262,0.5
1102809,0.5
387684,0.5
309591,0.5
468914,0.5
364581,0.5
542964,0.5
1072389,0.5
197394,0.5
300733,0.5
354695,0.5
859689,0.5
293328,0.5
1124737,0.5
1125799,0.5
268710,0.5
1104975,0.5
269354,0.5
1248416,0.5
810795,0.5
1027454,0.5
285293,0.5
295978,0.5
480989,0.5
1139286,0.5
310902,0.5
456029,0.5
341451,0.5
184311,0.5
691676,0.5
262551,0.5
1199371,0.5
664667,0.5
910442,0.5
1031625,0.5
307984,0.5
1310535,0.5
694618,0.5
685593,0.5
1077368,0.5
868587,0.5
556249,0.5
191539,0.5
995051,0.5
601763,0.5
192676,0.5
447178,0.5
268409,0.5
446225,0.5
195751,0.5
455957,0.5
1319492,0.5
506060,0.5
689383,0.5
371380,0.5
487238,0.5
437067,0.5
629010,0.5
823391,0.5
1103935,0.5
298140,0.5
836454,0.5
834960,0.5
1044050,0.5
963139,0.5
898703,0.5
172366,0.5
293270,0.5
479998,0.5
353777,0.5
267479,0.5
830753,0.5
925039,0.5
562263,0.5
976013,0.5
1153813,0.5
1174539,0.5
334800,0.5
171793,0.5
575015,0.5
1007068,0.5
1036436,0.5
285003,0.5
238445,0.5
668176,0.5
240371,0.5
1028463,0.5
524138,0.5
889482,0.5
355375,0.5
682518,0.5
1305599,0.5
371247,0.5
1100496,0.5
788575,0.5
587404,0.5
952938,0.5
666444,0.5
328548,0.5
895231,0.5
1164993,0.5
247361,0.5
354071,0.5
360782,0.5
248083,0.5
532962,0.5
268077,0.5
984998,0.5
1313485,0.5
458333,0.5
825841,0.5
775760,0.5
318006,0.5
1064642,0.5
1142793,0.5
1079873,0.5
396880,0.5
605397,0.5
190799,0.5
1061738,0.5
1111356,0.5
1227302,0.5
428256,0.5
1071389,0.5
953562,0.5
363973,0.5
193960,0.5
1048109,0.5
365942,0.5
588530,0.5
309635,0.5
255280,0.5
246530,0.5
543928,0.5
1366370,0.5
921376,0.5
352278,0.5
280198,0.5
213783,0.5
348880,0.5
564637,0.5
1029361,0.5
749767,0.5
182008,0.5
398801,0.5
1247498,0.5
782654,0.5
1076298,0.5
474726,0.5
318801,0.5
1074794,0.5
199395,0.5
466143,0.5
1012846,0.5
598994,0.5
309569,0.5
952586,0.5
1323283,0.5
303593,0.5
321422,0.5
224150,0.5
718412,0.5
1247344,0.5
345804,0.5
498178,0.5
271100,0.5
510450,0.5
794835,0.5
1031735,0.5
437401,0.5
1087672,0.5
989967,0.5
189650,0.5
791894,0.5
720395,0.5
705904,0.5
444884,0.5
415274,0.5
408108,0.5
1065611,0.5
1305483,0.5
689117,0.5
268360,0.5
1264521,0.5
396927,0.5
240951,0.5
271747,0.5
385950,0.5
1119681,0.5
1288571,0.5
831203,0.5
447627,0.5
1204979,0.5
694611,0.5
754585,0.5
614408,0.5
290676,0.5
799591,0.5
1215740,0.5
1242878,0.5
1268195,0.5
1242250,0.5
214933,0.5
223542,0.5
409704,0.5
463940,0.5
587830,0.5
190309,0.5
200307,0.5
264194,0.5
203467,0.5
251467,0.5
226712,0.5
372607,0.5
267634,0.5
920644,0.5
350739,0.5
470417,0.5
558673,0.5
273123,0.5
365348,0.5
235336,0.5
302546,0.5
261997,0.5
1166079,0.5
667750,0.5
201090,0.5
332516,0.5
1067481,0.5
350391,0.5
1320406,0.5
723006,0.5
1224838,0.5
646930,0.5
199976,0.5
1154686,0.5
535510,0.5
692548,0.5
438461,0.5
1270871,0.5
886401,0.5
971064,0.5
684885,0.5
965287,0.5
850315,0.5
520392,0.5
232582,0.5
636733,0.5
918590,0.5
516761,0.5
564408,0.5
316275,0.5
939848,0.5
1064190,0.5
1122179,0.5
360751,0.5
1248251,0.5
761654,0.5
658533,0.5
1275685,0.5
381397,0.5
1250441,0.5
359013,0.5
905344,0.5
627001,0.5
974770,0.5
1297495,0.5
1266530,0.5
410509,0.5
364047,0.5
290418,0.5
975676,0.5
1290431,0.5
1305572,0.5
797643,0.5
1085392,0.5
190444,0.5
840337,0.5
765234,0.5
583478,0.5
402678,0.5
588463,0.5
884223,0.5
337134,0.5
361388,0.5
468856,0.5
834157,0.5
701925,0.5
1259157,0.5
1067897,0.5
771858,0.5
570787,0.5
453696,0.5
526396,0.5
1168589,0.5
1193083,0.5
208176,0.5
543957,0.5
1202741,0.5
212633,0.5
236226,0.5
1298799,0.5
685760,0.5
575916,0.5
512316,0.5
1044772,0.5
463895,0.5
1205995,0.5
604998,0.5
738592,0.5
1131420,0.5
1030915,0.5
1291629,0.5
1274255,0.5
251446,0.5
461819,0.5
736191,0.5
322636,0.5
457336,0.5
397000,0.5
184374,0.5
588169,0.5
281108,0.5
765099,0.5
1194030,0.5
842762,0.5
384645,0.5
545567,0.5
389844,0.5
1153676,0.5
368321,0.5
858261,0.5
873057,0.5
1131507,0.5
1216523,0.5
1084081,0.5
760896,0.5
908570,0.5
295661,0.5
377768,0.5
1283489,0.5
293255,0.5
348663,0.5
566681,0.5
265193,0.5
723997,0.5
936679,0.5
832068,0.5
996283,0.5
924400,0.5
354672,0.5
1315252,0.5
540067,0.5
571006,0.5
1251681,0.5
249601,0.5
250309,0.5
834449,0.5
999392,0.5
1122732,0.5
917981,0.5
206034,0.5
1186785,0.5
574111,0.5
292227,0.5
1029585,0.5
321393,0.5
276372,0.5
296555,0.5
1129878,0.5
354911,0.5
243964,0.5
226981,0.5
345812,0.5
537025,0.5
822446,0.5
173157,0.5
663647,0.5
1260987,0.5
306729,0.5
1056658,0.5
634285,0.5
324247,0.5
1171118,0.5
1175945,0.5
1329518,0.5
1205044,0.5
557679,0.5
395468,0.5
631421,0.5
262381,0.5
219253,0.5
792352,0.5
1121474,0.5
476832,0.5
982474,0.5
249473,0.5
1090173,0.5
1094888,0.5
1067320,0.5
1079717,0.5
631266,0.5
1011796,0.5
566040,0.5
1110652,0.5
1145001,0.5
588465,0.5
729716,0.5
446992,0.5
532399,0.5
802286,0.5
669624,0.5
529183,0.5
595434,0.5
485955,0.5
1004619,0.5
783685,0.5
505760,0.5
203027,0.5
472501,0.5
841009,0.5
320745,0.5
600550,0.5
173715,0.5
738394,0.5
1057310,0.5
544445,0.5
936004,0.5
519123,0.5
201896,0.5
1277881,0.5
267670,0.5
526108,0.5
1278360,0.5
1191321,0.5
1309864,0.5
338078,0.5
239995,0.5
195979,0.5
221767,0.5
1282709,0.5
678676,0.5
313426,0.5
290846,0.5
607879,0.5
491584,0.5
822063,0.5
1266625,0.5
327662,0.5
464068,0.5
826663,0.5
1226424,0.5
456701,0.5
475322,0.5
340910,0.5
219662,0.5
246107,0.5
832808,0.5
1049044,0.5
587274,0.5
1130699,0.5
405365,0.5
478188,0.5
702584,0.5
241484,0.5
518391,0.5
554273,0.5
1315318,0.5
913452,0.5
198463,0.5
331905,0.5
315777,0.5
1035259,0.5
169808,0.5
912682,0.5
1217251,0.5
1296769,0.5
895890,0.5
641253,0.5
471434,0.5
950216,0.5
304454,0.5
1173040,0.5
368846,0.5
756819,0.5
497288,0.5
1139310,0.5
861008,0.5
636686,0.5
891030,0.5
217998,0.5
301086,0.5
416294,0.5
742413,0.5
1185774,0.5
856725,0.5
1289255,0.5
1181230,0.5
1111677,0.5
1166869,0.5
326619,0.5
174498,0.5
582337,0.5
299939,0.5
579595,0.5
547601,0.5
291677,0.5
662952,0.5
458947,0.5
323445,0.5
653711,0.5
207466,0.5
1167465,0.5
714390,0.5
553887,0.5
831526,0.5
595394,0.5
597800,0.5
1182517,0.5
835432,0.5
1254575,0.5
1317064,0.5
439634,0.5
867062,0.5
223071,0.5
1165818,0.5
249130,0.5
772008,0.5
332886,0.5
757114,0.5
871646,0.5
291170,0.5
1258618,0.5
565900,0.5
682420,0.5
405464,0.5
554900,0.5
568192,0.5
1138388,0.5
1189116,0.5
685251,0.5
469466,0.5
697349,0.5
232033,0.5
354239,0.5
487630,0.5
1106034,0.5
964804,0.5
1160847,0.5
1218579,0.5
1303315,0.5
501519,0.5
358824,0.5
641234,0.5
483233,0.5
306999,0.5
544072,0.5
780077,0.5
220998,0.5
281655,0.5
632409,0.5
801262,0.5
530650,0.5
440506,0.5
373635,0.5
1071820,0.5
637951,0.5
811856,0.5
779477,0.5
600718,0.5
861016,0.5
390521,0.5
390467,0.5
292609,0.5
204600,0.5
1298365,0.5
1201063,0.5
1073576,0.5
903241,0.5
932572,0.5
171076,0.5
1008379,0.5
172552,0.5
387851,0.5
190964,0.5
242364,0.5
1031689,0.5
1146537,0.5
1092414,0.5
1210712,0.5
1206043,0.5
1322660,0.5
615165,0.5
1026575,0.5
378382,0.5
608584,0.5
586937,0.5
1120473,0.5
229549,0.5
778036,0.5
621688,0.5
536627,0.5
962101,0.5
831460,0.5
1030612,0.5
956762,0.5
356811,0.5
986845,0.5
562734,0.5
581687,0.5
1152165,0.5
468338,0.5
1021440,0.5
475836,0.5
488046,0.5
467992,0.5
429040,0.5
485526,0.5
479421,0.5
957638,0.5
841233,0.5
259163,0.5
633295,0.5
371153,0.5
254804,0.5
796923,0.5
1093721,0.5
439671,0.5
658311,0.5
857659,0.5
357179,0.5
1302430,0.5
1273134,0.5
1099864,0.5
427638,0.5
839117,0.5
1168085,0.5
725611,0.5
1212395,0.5
484100,0.5
266993,0.5
552805,0.5
1139032,0.5
1042940,0.5
581955,0.5
1155097,0.5
525585,0.5
236420,0.5
717921,0.5
186353,0.5
577042,0.5
1129569,0.5
608917,0.5
882059,0.5
786903,0.5
986008,0.5
469099,0.5
188033,0.5
584415,0.5
968831,0.5
366740,0.5
661111,0.5
448374,0.5
238569,0.5
406621,0.5
1257826,0.5
772836,0.5
367630,0.5
181834,0.5
281852,0.5
495097,0.5
1329901,0.5
345379,0.5
775706,0.5
1198571,0.5
831112,0.5
483292,0.5
1164015,0.5
694527,0.5
1147560,0.5
511830,0.5
246692,0.5
855476,0.5
1072001,0.5
314362,0.5
1021957,0.5
1212436,0.5
1219742,0.5
755991,0.5
265931,0.5
304186,0.5
629790,0.5
575316,0.5
257111,0.5
1176850,0.5
272219,0.5
426998,0.5
321720,0.5
299763,0.5
792278,0.5
1043708,0.5
671940,0.5
351063,0.5
285371,0.5
566647,0.5
1290482,0.5
863006,0.5
514484,0.5
563651,0.5
968359,0.5
748429,0.5
225507,0.5
345194,0.5
249657,0.5
1259525,0.5
230558,0.5
623920,0.5
1087252,0.5
636759,0.5
1162405,0.5
283886,0.5
288616,0.5
400837,0.5
251328,0.5
369383,0.5
337247,0.5
285892,0.5
798174,0.5
288163,0.5
187532,0.5
397148,0.5
502738,0.5
538777,0.5
759923,0.5
279204,0.5
324680,0.5
173985,0.5
1051586,0.5
171475,0.5
1013469,0.5
410725,0.5
430191,0.5
337081,0.5
392799,0.5
349405,0.5
249276,0.5
963966,0.5
713242,0.5
1130353,0.5
1005237,0.5
756037,0.5
329437,0.5
231857,0.5
930624,0.5
1067439,0.5
361888,0.5
1186769,0.5
1207822,0.5
890983,0.5
1038829,0.5
1043350,0.5
1273138,0.5
1282722,0.5
651337,0.5
437816,0.5
411538,0.5
678356,0.5
378479,0.5
233611,0.5
221736,0.5
729028,0.5
387338,0.5
827872,0.5
1302674,0.5
1274969,0.5
1170809,0.5
1265335,0.5
836622,0.5
1220636,0.5
317706,0.5
1168903,0.5
993287,0.5
1099696,0.5
714238,0.5
459185,0.5
307669,0.5
1050997,0.5
407533,0.5
364654,0.5
358196,0.5
437259,0.5
301160,0.5
442279,0.5
404316,0.5
788546,0.5
779478,0.5
1159553,0.5
303355,0.5
627548,0.5
669740,0.5
202438,0.5
1245891,0.5
583427,0.5
208401,0.5
322821,0.5
493520,0.5
1194799,0.5
643988,0.5
287905,0.5
207698,0.5
915767,0.5
989182,0.5
239949,0.5
781114,0.5
419146,0.5
407905,0.5
671087,0.5
335395,0.5
250008,0.5
187937,0.5
453994,0.5
910852,0.5
1204568,0.5
614229,0.5
529941,0.5
1049398,0.5
384131,0.5
422573,0.5
1224450,0.5
1002054,0.5
526495,0.5
1166810,0.5
1204091,0.5
308630,0.5
301481,0.5
710923,0.5
676578,0.5
719211,0.5
210147,0.5
829366,0.5
886284,0.5
830640,0.5
281378,0.5
433779,0.5
451438,0.5
568004,0.5
1039735,0.5
1200168,0.5
206372,0.5
521251,0.5
621424,0.5
177757,0.5
1161625,0.5
532659,0.5
1315501,0.5
1168073,0.5
504770,0.5
1204554,0.5
262356,0.5
1083732,0.5
569884,0.5
1176008,0.5
1137922,0.5
695253,0.5
787742,0.5
196682,0.5
176341,0.5
285047,0.5
655944,0.5
241704,0.5
1013442,0.5
866890,0.5
789729,0.5
756380,0.5
511244,0.5
1059781,0.5
773171,0.5
658804,0.5
967558,0.5
797507,0.5
1159815,0.5
898864,0.5
466177,0.5
773926,0.5
681565,0.5
471967,0.5
853836,0.5
746791,0.5
1049088,0.5
1007557,0.5
930387,0.5
750225,0.5
308652,0.5
1135331,0.5
699099,0.5
842069,0.5
754724,0.5
217706,0.5
259616,0.5
1026261,0.5
824230,0.5
268652,0.5
967647,0.5
352700,0.5
967788,0.5
409266,0.5
1092661,0.5
774590,0.5
232752,0.5
694360,0.5
217745,0.5
1308650,0.5
571471,0.5
975601,0.5
404306,0.5
297503,0.5
171048,0.5
311216,0.5
176731,0.5
1197551,0.5
598297,0.5
836227,0.5
1095099,0.5
601410,0.5
695696,0.5
431188,0.5
314159,0.5
287992,0.5
1077192,0.5
563059,0.5
310800,0.5
274427,0.5
457886,0.5
835808,0.5
219630,0.5
503027,0.5
292375,0.5
607728,0.5
1163704,0.5
362208,0.5
463807,0.5
1310901,0.5
1244668,0.5
1035917,0.5
413338,0.5
1184182,0.5
644229,0.5
1077823,0.5
1203559,0.5
489196,0.5
273356,0.5
187598,0.5
419140,0.5
508819,0.5
672083,0.5
482936,0.5
368911,0.5
438438,0.5
416911,0.5
1079902,0.5
446675,0.5
715055,0.5
927522,0.5
1232144,0.5
247526,0.5
296718,0.5
223272,0.5
865811,0.5
448977,0.5
406077,0.5
1254816,0.5
1255492,0.5
1034727,0.5
914944,0.5
303027,0.5
798543,0.5
641039,0.5
1001389,0.5
518169,0.5
868874,0.5
197689,0.5
1271244,0.5
1209451,0.5
1041009,0.5
273908,0.5
1224193,0.5
298612,0.5
580344,0.5
1266663,0.5
789664,0.5
306794,0.5
1284158,0.5
318632,0.5
590486,0.5
937282,0.5
208934,0.5
914513,0.5
289555,0.5
908338,0.5
228245,0.5
814997,0.5
446705,0.5
489093,0.5
927483,0.5
1311201,0.5
342998,0.5
452383,0.5
686912,0.5
664096,0.5
582720,0.5
239886,0.5
1030844,0.5
230330,0.5
707049,0.5
933606,0.5
1128373,0.5
859447,0.5
426704,0.5
300473,0.5
810434,0.5
206369,0.5
297320,0.5
1327110,0.5
1171120,0.5
805594,0.5
1074449,0.5
524015,0.5
438445,0.5
367074,0.5
590068,0.5
836333,0.5
604883,0.5
292166,0.5
1244581,0.5
1182995,0.5
966792,0.5
339663,0.5
1101127,0.5
845395,0.5
545327,0.5
1153910,0.5
438854,0.5
852901,0.5
643123,0.5
1126958,0.5
1201650,0.5
884072,0.5
820687,0.5
1262338,0.5
446633,0.5
1327850,0.5
1233648,0.5
881957,0.5
204627,0.5
272918,0.5
562647,0.5
516082,0.5
210992,0.5
368015,0.5
883392,0.5
180851,0.5
748746,0.5
264624,0.5
1166496,0.5
268337,0.5
227749,0.5
227902,0.5
1158972,0.5
578658,0.5
741249,0.5
347594,0.5
538080,0.5
1300398,0.5
863477,0.5
692658,0.5
656962,0.5
1031165,0.5
1004739,0.5
1088781,0.5
881046,0.5
1285337,0.5
530422,0.5
332565,0.5
169217,0.5
516804,0.5
792912,0.5
444290,0.5
1080873,0.5
309147,0.5
381835,0.5
303334,0.5
413096,0.5
513554,0.5
671988,0.5
723710,0.5
1304818,0.5
350869,0.5
391239,0.5
838632,0.5
287057,0.5
1086301,0.5
292028,0.5
695310,0.5
1108126,0.5
636440,0.5
400792,0.5
1270770,0.5
999636,0.5
239473,0.5
1120777,0.5
285081,0.5
1166995,0.5
320395,0.5
338279,0.5
1199413,0.5
728849,0.5
379972,0.5
329363,0.5
1171791,0.5
905689,0.5
386727,0.5
332072,0.5
687774,0.5
830364,0.5
660909,0.5
610366,0.5
184441,0.5
564779,0.5
390294,0.5
749348,0.5
587125,0.5
1322033,0.5
566679,0.5
437488,0.5
1114447,0.5
240918,0.5
436988,0.5
221277,0.5
307144,0.5
639618,0.5
1262443,0.5
727203,0.5
584204,0.5
388685,0.5
676311,0.5
303410,0.5
672994,0.5
654726,0.5
1221372,0.5
388452,0.5
997751,0.5
326842,0.5
899101,0.5
1189147,0.5
482084,0.5
194917,0.5
1266971,0.5
1110420,0.5
566356,0.5
286512,0.5
240659,0.5
436402,0.5
833087,0.5
1283677,0.5
422966,0.5
923522,0.5
1181839,0.5
1185613,0.5
327941,0.5
1210251,0.5
668847,0.5
507184,0.5
1011571,0.5
354750,0.5
237839,0.5
869394,0.5
603498,0.5
321350,0.5
886448,0.5
278945,0.5
1138820,0.5
864621,0.5
225535,0.5
965995,0.5
306819,0.5
1100678,0.5
1043818,0.5
402317,0.5
308269,0.5
239036,0.5
1004427,0.5
1096222,0.5
564472,0.5
1247857,0.5
1150231,0.5
1062817,0.5
205307,0.5
299446,0.5
460984,0.5
974986,0.5
1168087,0.5
625492,0.5
857477,0.5
304615,0.5
388440,0.5
417230,0.5
660161,0.5
248103,0.5
198106,0.5
764353,0.5
436199,0.5
1301358,0.5
237720,0.5
927815,0.5
759762,0.5
1305314,0.5
366966,0.5
674927,0.5
269780,0.5
292690,0.5
398619,0.5
950497,0.5
300300,0.5
701383,0.5
219016,0.5
425047,0.5
376382,0.5
298842,0.5
1019671,0.5
448402,0.5
275481,0.5
286226,0.5
702496,0.5
1016126,0.5
364574,0.5
548129,0.5
607764,0.5
828326,0.5
587082,0.5
1054803,0.5
1294002,0.5
1274983,0.5
1070624,0.5
1193610,0.5
912685,0.5
438120,0.5
657035,0.5
1045805,0.5
653951,0.5
985393,0.5
632785,0.5
537048,0.5
728263,0.5
635421,0.5
1320649,0.5
485478,0.5
176911,0.5
626627,0.5
319849,0.5
1266519,0.5
1225749,0.5
310997,0.5
892883,0.5
1329986,0.5
1232932,0.5
798795,0.5
445811,0.5
578476,0.5
780605,0.5
285837,0.5
899218,0.5
395371,0.5
322454,0.5
223178,0.5
428322,0.5
1066588,0.5
329558,0.5
419736,0.5
468083,0.5
302323,0.5
1214068,0.5
645369,0.5
519726,0.5
189644,0.5
371192,0.5
1309172,0.5
1298531,0.5
516720,0.5
1165877,0.5
773077,0.5
681317,0.5
177486,0.5
280764,0.5
495613,0.5
500563,0.5
493601,0.5
319118,0.5
788686,0.5
542802,0.5
757615,0.5
1256122,0.5
1036529,0.5
184431,0.5
1181586,0.5
991250,0.5
214358,0.5
721903,0.5
227652,0.5
1286660,0.5
493151,0.5
786926,0.5
701207,0.5
1274990,0.5
783132,0.5
570746,0.5
1067952,0.5
284363,0.5
208019,0.5
857744,0.5
968140,0.5
576401,0.5
711358,0.5
1000494,0.5
516463,0.5
911163,0.5
1068297,0.5
251935,0.5
1249217,0.5
947736,0.5
1107534,0.5
228491,0.5
601757,0.5
169544,0.5
178944,0.5
478606,0.5
690218,0.5
340950,0.5
204870,0.5
293188,0.5
244602,0.5
254310,0.5
914567,0.5
790704,0.5
1205032,0.5
203455,0.5
360922,0.5
1127658,0.5
940097,0.5
523145,0.5
506108,0.5
1158665,0.5
757451,0.5
254551,0.5
550079,0.5
756867,0.5
450720,0.5
840548,0.5
635229,0.5
750519,0.5
932614,0.5
420505,0.5
1125176,0.5
519550,0.5
236792,0.5
304175,0.5
386724,0.5
815914,0.5
1217327,0.5
1316449,0.5
391578,0.5
679454,0.5
657582,0.5
348629,0.5
1077399,0.5
595202,0.5
1207366,0.5
316412,0.5
1052952,0.5
771777,0.5
842597,0.5
674385,0.5
1173811,0.5
318505,0.5
1321340,0.5
339496,0.5
1302533,0.5
1231205,0.5
974578,0.5
850081,0.5
1279177,0.5
366387,0.5
801395,0.5
319224,0.5
1325187,0.5
333700,0.5
243484,0.5
550554,0.5
564145,0.5
940001,0.5
1307362,0.5
488734,0.5
981372,0.5
218190,0.5
879940,0.5
1027599,0.5
309499,0.5
263156,0.5
429115,0.5
757628,0.5
226473,0.5
944512,0.5
769334,0.5
781919,0.5
1287306,0.5
231296,0.5
799101,0.5
816063,0.5
1262700,0.5
425542,0.5
776951,0.5
571171,0.5
1290388,0.5
665088,0.5
394344,0.5
756823,0.5
515807,0.5
686915,0.5
304410,0.5
1125759,0.5
500244,0.5
169405,0.5
251216,0.5
763077,0.5
308452,0.5
823784,0.5
639855,0.5
289118,0.5
1266505,0.5
390001,0.5
247866,0.5
228474,0.5
285929,0.5
328529,0.5
945587,0.5
961649,0.5
776207,0.5
693045,0.5
750724,0.5
1217467,0.5
1074131,0.5
343193,0.5
221322,0.5
1261522,0.5
436465,0.5
296516,0.5
267590,0.5
297847,0.5
911401,0.5
933469,0.5
468456,0.5
713026,0.5
1161783,0.5
445629,0.5
753530,0.5
421589,0.5
486010,0.5
437203,0.5
373614,0.5
375392,0.5
823473,0.5
590926,0.5
337322,0.5
174979,0.5
171615,0.5
930188,0.5
451880,0.5
312062,0.5
435888,0.5
925228,0.5
223213,0.5
458534,0.5
298618,0.5
1315877,0.5
190264,0.5
1062286,0.5
1099511,0.5
1297070,0.5
806564,0.5
883502,0.5
1251519,0.5
375460,0.5
603000,0.5
288015,0.5
324219,0.5
273219,0.5
854580,0.5
596473,0.5
183981,0.5
315170,0.5
441353,0.5
1198766,0.5
1180802,0.5
1234566,0.5
815874,0.5
534704,0.5
412055,0.5
190155,0.5
256712,0.5
589815,0.5
527063,0.5
560940,0.5
393694,0.5
1004818,0.5
784601,0.5
759612,0.5
1211988,0.5
1006431,0.5
439500,0.5
917642,0.5
1070208,0.5
1215517,0.5
598516,0.5
428438,0.5
322102,0.5
430476,0.5
364077,0.5
395200,0.5
658153,0.5
227856,0.5
684534,0.5
949186,0.5
679942,0.5
1065767,0.5
401088,0.5
910244,0.5
451231,0.5
891850,0.5
1099041,0.5
682988,0.5
1036630,0.5
927450,0.5
1290172,0.5
1307094,0.5
263733,0.5
1222018,0.5
437522,0.5
1287266,0.5
893067,0.5
1271403,0.5
1138438,0.5
1266563,0.5
178198,0.5
336087,0.5
709090,0.5
206454,0.5
1276910,0.5
435501,0.5
1110134,0.5
1167543,0.5
770361,0.5
310977,0.5
555664,0.5
713650,0.5
992399,0.5
995839,0.5
471960,0.5
1111252,0.5
1056033,0.5
206897,0.5
838660,0.5
731473,0.5
169212,0.5
457982,0.5
280236,0.5
1206221,0.5
357323,0.5
991920,0.5
1279205,0.5
990458,0.5
1053463,0.5
1260572,0.5
987459,0.5
788326,0.5
566631,0.5
812198,0.5
385439,0.5
638327,0.5
520990,0.5
588537,0.5
598646,0.5
624087,0.5
503094,0.5
326874,0.5
627300,0.5
1227517,0.5
790798,0.5
1064347,0.5
1096169,0.5
1214115,0.5
1002372,0.5
1202368,0.5
187883,0.5
1175495,0.5
449054,0.5
371229,0.5
832444,0.5
404889,0.5
218804,0.5
608439,0.5
526687,0.5
894844,0.5
578001,0.5
413007,0.5
376608,0.5
1175842,0.5
893520,0.5
1233570,0.5
1304981,0.5
496603,0.5
927898,0.5
214779,0.5
549716,0.5
169363,0.5
537829,0.5
391546,0.5
869401,0.5
543458,0.5
218748,0.5
225207,0.5
935097,0.5
968985,0.5
1152613,0.5
705668,0.5
1149430,0.5
217381,0.5
205277,0.5
901650,0.5
1095506,0.5
203058,0.5
379295,0.5
402343,0.5
1042398,0.5
354917,0.5
798816,0.5
1318345,0.5
937552,0.5
397895,0.5
902512,0.5
798330,0.5
638968,0.5
314513,0.5
752782,0.5
915368,0.5
407551,0.5
954674,0.5
273934,0.5
1109529,0.5
318268,0.5
991344,0.5
565749,0.5
381805,0.5
698826,0.5
261535,0.5
712630,0.5
393367,0.5
404026,0.5
863056,0.5
993210,0.5
179494,0.5
782083,0.5
1325335,0.5
517250,0.5
510146,0.5
423554,0.5
1170098,0.5
778930,0.5
224194,0.5
888052,0.5
787564,0.5
188393,0.5
171276,0.5
595563,0.5
831237,0.5
277732,0.5
1245184,0.5
544736,0.5
455040,0.5
803278,0.5
755588,0.5
1308886,0.5
235706,0.5
703889,0.5
1012783,0.5
186028,0.5
1270625,0.5
679177,0.5
529279,0.5
433977,0.5
230550,0.5
285226,0.5
567926,0.5
416526,0.5
984264,0.5
275321,0.5
1232379,0.5
1260068,0.5
643193,0.5
917550,0.5
779684,0.5
346600,0.5
256095,0.5
393183,0.5
442350,0.5
209804,0.5
170583,0.5
557478,0.5
895670,0.5
275954,0.5
329638,0.5
1218429,0.5
670302,0.5
1187576,0.5
516457,0.5
1188474,0.5
897816,0.5
1050271,0.5
845877,0.5
1001094,0.5
658820,0.5
195322,0.5
447382,0.5
713745,0.5
1274886,0.5
387854,0.5
1221233,0.5
1060208,0.5
1323222,0.5
215893,0.5
598378,0.5
262959,0.5
813460,0.5
313801,0.5
330126,0.5
1254297,0.5
796146,0.5
211651,0.5
181387,0.5
474216,0.5
1118481,0.5
1267410,0.5
600326,0.5
311204,0.5
1028876,0.5
793635,0.5
1110247,0.5
213882,0.5
1320579,0.5
687081,0.5
1073879,0.5
186094,0.5
503243,0.5
723492,0.5
588919,0.5
1256014,0.5
709744,0.5
980383,0.5
466527,0.5
522003,0.5
209882,0.5
767553,0.5
1136373,0.5
260221,0.5
579785,0.5
1139722,0.5
629727,0.5
826859,0.5
1287698,0.5
993466,0.5
707945,0.5
521457,0.5
323870,0.5
529877,0.5
1023301,0.5
674929,0.5
232591,0.5
1077586,0.5
486989,0.5
640094,0.5
311686,0.5
237205,0.5
735948,0.5
1270041,0.5
1153233,0.5
662185,0.5
394493,0.5
802162,0.5
761251,0.5
1144987,0.5
1182156,0.5
1147977,0.5
1304896,0.5
1117710,0.5
176602,0.5
711248,0.5
308992,0.5
247196,0.5
233402,0.5
189904,0.5
1075715,0.5
1122951,0.5
1307024,0.5
913138,0.5
1087141,0.5
832003,0.5
1079009,0.5
1178713,0.5
883627,0.5
255422,0.5
624122,0.5
894696,0.5
212809,0.5
480489,0.5
532314,0.5
194694,0.5
843485,0.5
171811,0.5
757511,0.5
176553,0.5
825199,0.5
1104704,0.5
1277491,0.5
1313619,0.5
1150117,0.5
1251031,0.5
426937,0.5
224969,0.5
238392,0.5
375254,0.5
616629,0.5
729416,0.5
1016605,0.5
1011782,0.5
407584,0.5
282682,0.5
1328369,0.5
714145,0.5
435697,0.5
934761,0.5
194538,0.5
1206160,0.5
1207309,0.5
1204787,0.5
248065,0.5
187512,0.5
456159,0.5
966443,0.5
276717,0.5
174676,0.5
1278856,0.5
1324989,0.5
817779,0.5
1240427,0.5
1154703,0.5
1196496,0.5
910754,0.5
542885,0.5
356010,0.5
410411,0.5
1196232,0.5
510205,0.5
532541,0.5
510334,0.5
235823,0.5
219830,0.5
512176,0.5
587344,0.5
384762,0.5
286996,0.5
679902,0.5
1041230,0.5
814068,0.5
723764,0.5
1057703,0.5
681128,0.5
321018,0.5
187717,0.5
268993,0.5
1014658,0.5
442946,0.5
787909,0.5
711131,0.5
1184169,0.5
787080,0.5
266606,0.5
939032,0.5
916691,0.5
1021227,0.5
885042,0.5
1134446,0.5
193417,0.5
1157904,0.5
359032,0.5
319596,0.5
356653,0.5
285032,0.5
210516,0.5
417947,0.5
412636,0.5
504838,0.5
894267,0.5
261107,0.5
621882,0.5
447745,0.5
1216560,0.5
1063605,0.5
238508,0.5
481063,0.5
570777,0.5
490105,0.5
1254103,0.5
595002,0.5
1256109,0.5
314867,0.5
1237420,0.5
1118516,0.5
492038,0.5
252425,0.5
287462,0.5
642744,0.5
554463,0.5
548241,0.5
614842,0.5
184966,0.5
352226,0.5
231134,0.5
264241,0.5
469087,0.5
1180376,0.5
579126,0.5
362061,0.5
832651,0.5
1101712,0.5
1323459,0.5
1116472,0.5
478390,0.5
507346,0.5
1118561,0.5
687329,0.5
856207,0.5
746305,0.5
677298,0.5
1046585,0.5
775801,0.5
367992,0.5
1146127,0.5
1203091,0.5
1041986,0.5
1012698,0.5
1199555,0.5
903803,0.5
556928,0.5
766048,0.5
870629,0.5
1079174,0.5
784662,0.5
741944,0.5
760862,0.5
528343,0.5
758080,0.5
240048,0.5
651966,0.5
242208,0.5
448148,0.5
174193,0.5
225929,0.5
666297,0.5
473766,0.5
542095,0.5
462725,0.5
782626,0.5
1105858,0.5
214629,0.5
189272,0.5
1026402,0.5
452559,0.5
744029,0.5
323264,0.5
1224705,0.5
649087,0.5
836215,0.5
200591,0.5
910784,0.5
478617,0.5
258197,0.5
192531,0.5
448704,0.5
1062957,0.5
1103708,0.5
636384,0.5
754001,0.5
673659,0.5
1226955,0.5
822804,0.5
294756,0.5
1183940,0.5
1302735,0.5
981994,0.5
858638,0.5
224949,0.5
629378,0.5
309670,0.5
604537,0.5
858782,0.5
227987,0.5
225703,0.5
186735,0.5
291762,0.5
878786,0.5
955539,0.5
1185755,0.5
541459,0.5
595155,0.5
586046,0.5
860464,0.5
214790,0.5
1319662,0.5
334471,0.5
1311681,0.5
892842,0.5
271973,0.5
889229,0.5
681057,0.5
289893,0.5
412619,0.5
199645,0.5
605416,0.5
1284221,0.5
1097863,0.5
1027198,0.5
612595,0.5
886210,0.5
1051534,0.5
852504,0.5
1179968,0.5
568740,0.5
1233369,0.5
1213123,0.5
303191,0.5
250439,0.5
1256227,0.5
592499,0.5
838046,0.5
1145173,0.5
533133,0.5
729182,0.5
630989,0.5
229661,0.5
749017,0.5
1298918,0.5
861790,0.5
596533,0.5
547984,0.5
467128,0.5
289273,0.5
312225,0.5
348967,0.5
561415,0.5
757284,0.5
474921,0.5
730515,0.5
208027,0.5
1125330,0.5
1185903,0.5
569921,0.5
1066224,0.5
1161835,0.5
193461,0.5
402694,0.5
915442,0.5
1263329,0.5
1211110,0.5
486450,0.5
657337,0.5
249520,0.5
412711,0.5
642221,0.5
721615,0.5
967607,0.5
596202,0.5
1101054,0.5
807793,0.5
461283,0.5
206593,0.5
760605,0.5
169277,0.5
390306,0.5
1108152,0.5
990430,0.5
303125,0.5
500894,0.5
303447,0.5
722046,0.5
789846,0.5
1178981,0.5
349457,0.5
383090,0.5
308755,0.5
970698,0.5
518266,0.5
1291335,0.5
607692,0.5
197988,0.5
1306565,0.5
643783,0.5
686417,0.5
423414,0.5
654547,0.5
790701,0.5
1261018,0.5
361639,0.5
367855,0.5
591192,0.5
757886,0.5
924438,0.5
683051,0.5
906403,0.5
1193835,0.5
402244,0.5
623050,0.5
362162,0.5
989113,0.5
882571,0.5
752240,0.5
1016150,0.5
205713,0.5
492159,0.5
741771,0.5
665437,0.5
647117,0.5
705817,0.5
262051,0.5
183996,0.5
929544,0.5
393634,0.5
1002196,0.5
409056,0.5
860351,0.5
690911,0.5
735916,0.5
1137266,0.5
1232156,0.5
343317,0.5
311990,0.5
316543,0.5
1153035,0.5
1218541,0.5
516974,0.5
957235,0.5
207482,0.5
954027,0.5
865067,0.5
1138163,0.5
880362,0.5
589071,0.5
650946,0.5
638374,0.5
872219,0.5
601752,0.5
1084986,0.5
250304,0.5
297136,0.5
272848,0.5
961720,0.5
258142,0.5
601313,0.5
847284,0.5
1261369,0.5
188052,0.5
376871,0.5
597003,0.5
341026,0.5
1307900,0.5
170853,0.5
573972,0.5
1050538,0.5
204095,0.5
967614,0.5
578260,0.5
186348,0.5
641247,0.5
1183078,0.5
224695,0.5
265232,0.5
1283651,0.5
1066696,0.5
1230524,0.5
364608,0.5
834114,0.5
1311987,0.5
176552,0.5
999927,0.5
830171,0.5
259832,0.5
1268172,0.5
257916,0.5
340806,0.5
182371,0.5
390107,0.5
325221,0.5
342788,0.5
180756,0.5
955577,0.5
302384,0.5
430326,0.5
1274438,0.5
741759,0.5
345904,0.5
1154609,0.5
479387,0.5
557305,0.5
1135994,0.5
375906,0.5
667605,0.5
897779,0.5
1189658,0.5
1289010,0.5
1152475,0.5
373813,0.5
462832,0.5
493457,0.5
1001617,0.5
935505,0.5
621940,0.5
1101791,0.5
271625,0.5
416694,0.5
230817,0.5
308936,0.5
757372,0.5
866487,0.5
968310,0.5
705506,0.5
180840,0.5
460847,0.5
971174,0.5
839725,0.5
840555,0.5
759890,0.5
813271,0.5
384060,0.5
422235,0.5
1192808,0.5
792568,0.5
331788,0.5
1231293,0.5
211404,0.5
660668,0.5
329897,0.5
306130,0.5
385971,0.5
582085,0.5
370223,0.5
229350,0.5
1051989,0.5
856366,0.5
188764,0.5
1022727,0.5
468431,0.5
904170,0.5
1177857,0.5
1023107,0.5
180050,0.5
177087,0.5
1276108,0.5
402809,0.5
420218,0.5
417314,0.5
305324,0.5
272567,0.5
336545,0.5
670077,0.5
691375,0.5
226803,0.5
702582,0.5
673371,0.5
652675,0.5
523750,0.5
257593,0.5
1196170,0.5
866170,0.5
486535,0.5
756882,0.5
750058,0.5
808474,0.5
237097,0.5
1301722,0.5
620255,0.5
778955,0.5
508468,0.5
1224432,0.5
315684,0.5
928768,0.5
600968,0.5
1294312,0.5
1079863,0.5
882734,0.5
769759,0.5
453357,0.5
341359,0.5
339984,0.5
203029,0.5
769484,0.5
357023,0.5
278072,0.5
890735,0.5
484871,0.5
662849,0.5
509934,0.5
181822,0.5
192060,0.5
803329,0.5
369376,0.5
910449,0.5
716085,0.5
406798,0.5
1167918,0.5
1244007,0.5
177364,0.5
223057,0.5
348814,0.5
718588,0.5
337388,0.5
436429,0.5
387569,0.5
612860,0.5
678040,0.5
662681,0.5
1063918,0.5
628141,0.5
395666,0.5
498820,0.5
354595,0.5
346761,0.5
1031731,0.5
300936,0.5
1138321,0.5
908797,0.5
782925,0.5
549346,0.5
381636,0.5
981592,0.5
857538,0.5
801136,0.5
636058,0.5
399753,0.5
284881,0.5
1139292,0.5
355750,0.5
919157,0.5
817765,0.5
932231,0.5
204928,0.5
777423,0.5
832379,0.5
433265,0.5
426856,0.5
1149030,0.5
972226,0.5
698542,0.5
875002,0.5
509835,0.5
857837,0.5
443856,0.5
428686,0.5
1120699,0.5
761598,0.5
965312,0.5
396138,0.5
174814,0.5
557537,0.5
550811,0.5
345132,0.5
672987,0.5
920028,0.5
524637,0.5
218708,0.5
1105953,0.5
1100852,0.5
1114625,0.5
949621,0.5
492636,0.5
450107,0.5
844675,0.5
330107,0.5
175381,0.5
792328,0.5
221107,0.5
290361,0.5
859446,0.5
644082,0.5
419518,0.5
426911,0.5
892546,0.5
847753,0.5
853071,0.5
203137,0.5
1147476,0.5
1114379,0.5
824699,0.5
1226119,0.5
1249052,0.5
1308433,0.5
682175,0.5
698475,0.5
736004,0.5
195700,0.5
691790,0.5
625585,0.5
178374,0.5
773166,0.5
956834,0.5
934908,0.5
434251,0.5
578272,0.5
300136,0.5
1138190,0.5
965609,0.5
450292,0.5
556571,0.5
907620,0.5
265031,0.5
911276,0.5
1200510,0.5
1281295,0.5
201977,0.5
386608,0.5
435884,0.5
553116,0.5
1078404,0.5
183292,0.5
824880,0.5
350317,0.5
1029285,0.5
532566,0.5
1211381,0.5
274614,0.5
645327,0.5
1005268,0.5
482448,0.5
640266,0.5
398704,0.5
835064,0.5
734009,0.5
253159,0.5
428755,0.5
1266384,0.5
1246538,0.5
758541,0.5
712016,0.5
1048225,0.5
1196125,0.5
545779,0.5
739788,0.5
657878,0.5
316946,0.5
390384,0.5
398961,0.5
553291,0.5
305456,0.5
559956,0.5
1033334,0.5
284726,0.5
400466,0.5
654228,0.5
648435,0.5
475132,0.5
490414,0.5
970913,0.5
596540,0.5
1125412,0.5
1330047,0.5
1184370,0.5
1311996,0.5
549171,0.5
984403,0.5
185132,0.5
687424,0.5
408256,0.5
175408,0.5
433006,0.5
781193,0.5
373968,0.5
285065,0.5
214501,0.5
758701,0.5
551063,0.5
1317096,0.5
876200,0.5
252424,0.5
796041,0.5
1021417,0.5
676669,0.5
383499,0.5
1114168,0.5
1237792,0.5
1184555,0.5
1074924,0.5
946642,0.5
1207919,0.5
194864,0.5
876687,0.5
400875,0.5
538448,0.5
956209,0.5
233749,0.5
778921,0.5
199586,0.5
724271,0.5
805268,0.5
1280743,0.5
209675,0.5
394101,0.5
297565,0.5
1328910,0.5
305956,0.5
213717,0.5
551414,0.5
666900,0.5
1321639,0.5
295213,0.5
293505,0.5
295414,0.5
407607,0.5
1029517,0.5
251940,0.5
569886,0.5
435926,0.5
1284538,0.5
382627,0.5
481012,0.5
201657,0.5
255080,0.5
240842,0.5
216911,0.5
264587,0.5
438489,0.5
203485,0.5
1151941,0.5
713908,0.5
827603,0.5
1265035,0.5
728908,0.5
1012047,0.5
250206,0.5
691421,0.5
662002,0.5
841500,0.5
926320,0.5
1165541,0.5
315313,0.5
1042825,0.5
356414,0.5
578818,0.5
861600,0.5
243548,0.5
1091436,0.5
241567,0.5
219403,0.5
394351,0.5
508449,0.5
990573,0.5
978059,0.5
413956,0.5
1072099,0.5
848339,0.5
1324560,0.5
225766,0.5
608310,0.5
287551,0.5
515174,0.5
997847,0.5
275264,0.5
933554,0.5
832858,0.5
876984,0.5
295742,0.5
209280,0.5
1323611,0.5
1246190,0.5
805397,0.5
233987,0.5
311768,0.5
386479,0.5
1056732,0.5
568266,0.5
1153050,0.5
930266,0.5
1295907,0.5
1136793,0.5
841400,0.5
315104,0.5
721510,0.5
1001996,0.5
663360,0.5
288723,0.5
752380,0.5
483489,0.5
352445,0.5
943669,0.5
414977,0.5
702628,0.5
508988,0.5
396049,0.5
1268299,0.5
657806,0.5
948335,0.5
870254,0.5
763570,0.5
712717,0.5
1051112,0.5
738703,0.5
860249,0.5
365000,0.5
254480,0.5
845131,0.5
1326702,0.5
305934,0.5
297337,0.5
1286365,0.5
509056,0.5
1224274,0.5
1211338,0.5
440714,0.5
631848,0.5
201447,0.5
703654,0.5
994628,0.5
1177721,0.5
223569,0.5
353361,0.5
707621,0.5
425951,0.5
672340,0.5
491825,0.5
178744,0.5
806173,0.5
330836,0.5
733600,0.5
1146300,0.5
1089029,0.5
838909,0.5
1134831,0.5
1233287,0.5
243648,0.5
180344,0.5
173880,0.5
962056,0.5
653655,0.5
1135356,0.5
1240101,0.5
523902,0.5
973885,0.5
552290,0.5
686983,0.5
728326,0.5
259636,0.5
1026023,0.5
972727,0.5
893711,0.5
1287432,0.5
1030574,0.5
492954,0.5
1292318,0.5
963702,0.5
223034,0.5
658601,0.5
751233,0.5
580371,0.5
191347,0.5
173801,0.5
282197,0.5
1252301,0.5
461079,0.5
1230329,0.5
410830,0.5
971173,0.5
1043467,0.5
1016173,0.5
1090322,0.5
293210,0.5
254439,0.5
187233,0.5
370382,0.5
542667,0.5
751293,0.5
587549,0.5
1172755,0.5
197941,0.5
874171,0.5
223011,0.5
511154,0.5
650181,0.5
276018,0.5
632021,0.5
415993,0.5
250753,0.5
886345,0.5
278494,0.5
1182394,0.5
1237682,0.5
1176201,0.5
418109,0.5
279901,0.5
516752,0.5
384310,0.5
236138,0.5
685641,0.5
387724,0.5
296216,0.5
873466,0.5
251980,0.5
898921,0.5
329467,0.5
492312,0.5
692470,0.5
614632,0.5
1231757,0.5
1102265,0.5
1095899,0.5
1141079,0.5
922030,0.5
202208,0.5
435118,0.5
266035,0.5
560559,0.5
638474,0.5
444922,0.5
304472,0.5
177698,0.5
322139,0.5
889392,0.5
262520,0.5
541133,0.5
758158,0.5
486086,0.5
907921,0.5
1081742,0.5
434718,0.5
379470,0.5
563599,0.5
232336,0.5
1315257,0.5
244697,0.5
742915,0.5
564010,0.5
883367,0.5
308017,0.5
1137254,0.5
1225334,0.5
688537,0.5
1053592,0.5
191823,0.5
242010,0.5
1177918,0.5
729562,0.5
1187026,0.5
1265429,0.5
318748,0.5
1190717,0.5
1212864,0.5
226355,0.5
860587,0.5
533532,0.5
952905,0.5
953916,0.5
1120872,0.5
249737,0.5
522227,0.5
338592,0.5
337444,0.5
170995,0.5
263409,0.5
654658,0.5
279623,0.5
619072,0.5
331342,0.5
1244376,0.5
255729,0.5
1101726,0.5
1054428,0.5
733108,0.5
1030373,0.5
1305589,0.5
1303170,0.5
497960,0.5
925120,0.5
586025,0.5
350668,0.5
222449,0.5
267817,0.5
607825,0.5
1193552,0.5
190955,0.5
218369,0.5
1077504,0.5
874082,0.5
812428,0.5
1012219,0.5
620341,0.5
1188105,0.5
1235467,0.5
1305901,0.5
1096258,0.5
355196,0.5
342348,0.5
641525,0.5
1315568,0.5
453509,0.5
198436,0.5
509485,0.5
672607,0.5
449589,0.5
677940,0.5
1073952,0.5
502136,0.5
325521,0.5
326736,0.5
1004561,0.5
500053,0.5
725670,0.5
396569,0.5
721093,0.5
334125,0.5
938413,0.5
387935,0.5
302138,0.5
1305203,0.5
808027,0.5
1178289,0.5
552503,0.5
247785,0.5
863227,0.5
279087,0.5
845970,0.5
1245488,0.5
830617,0.5
413736,0.5
398908,0.5
1179814,0.5
1054195,0.5
1217524,0.5
531788,0.5
760215,0.5
757508,0.5
300875,0.5
576719,0.5
736048,0.5
209997,0.5
1181034,0.5
1238800,0.5
687584,0.5
242751,0.5
526559,0.5
258099,0.5
287984,0.5
230980,0.5
251327,0.5
245280,0.5
440211,0.5
1113433,0.5
1154133,0.5
797413,0.5
